series,count,mean,std,min,max,trend_slope_per_step,lag1_autocorrelation,dominant_period_steps
co_sensor,9357,1103.0597413700973,218.18468624740908,647.0,2040.0,0.001527467816712653,0.8904414734061097,24.0
ozone_sensor,9357,1032.544298386235,404.42600063461384,221.0,2523.0,0.019191284843056267,0.9073306833024618,24.0
