,co_sensor,ozone_sensor
co_sensor,1.0,0.9017305349590891
ozone_sensor,0.9017305349590891,1.0
