method,RMSE,MAE,MAPE_%
EMA(0.3),1.3086902884648655,1.0876134578533563,4.06278926185076
"Kalman(q=0.05,r=0.8)",1.3711313191799774,1.1391904928570953,4.242592630618886
SMA(5),1.4972202568533954,1.2308395886801144,4.600716294705114
"SavGol(9,2)",1.6249682830533299,1.2931004787263145,4.8407485260598415
"LMS(mu=0.4,order=4)",5.227791281962137,2.784028173612342,10.21329127228427
